﻿Designator,Footprint,Quantity,Value,LCSC Part #
AE1,badge_antenna,1,Antenna_Loop,
"C1, C2, C7",0805,3,10uF,
"C10, C14, C8, C9",0603,4,1uF,
"C11, C12, C13, C17, C18, C19, C20, C25, C6",0603,9,10nF,
"C15, C16",0603,2,15pF,
"C21, C22, C23, C26",0603,4,2.2uF,
C24,0603,1,1nF,
"C27, C28, C29, C3, C30, C31, C4",0805,7,1uF,
C32,0805,1,22nF,
"C33, C34, C35, C36, C37, C38, C39, C40, C41, C42",0805,10,C,
C5,0603,1,0.1uF,
"J1, J2",Keystone82,2,~,
J3,PinHeader_2x05_P1.27mm_Vertical_SMD,1,Conn_ARM_JTAG_SWD_10,
L1,L_Taiyo-Yuden_MD-3030,1,4.7uH,
"L2, L3",0805,2,270nH,
"Q1, Q2",SOT-23,2,BSS138,
"R1, R2, R3, R4, R5, R6",0805,6,10K,
"R7, R8",0805,2,R,
"S1, S2, S3",CapTouchButton,3,~,
"TP1, TP2, TP3, TP4, TP5",TestPoint_Pad_D2.0mm,5,TestPoint_Small,
U1,Texas_R-PDSO-G6,1,TPS61222DCK,
"U10, U11, U12, U13, U14",OPSCO_SK9822,5,SK9822,
U2,SOT-23-5,1,TLV77333PDBVR,
U3,TSSOP-20_4.4x6.5mm_P0.65mm,1,LPC804M101JDH20,
U4,HVQFN-32-1EP_5x5mm_P0.5mm_EP3.1x3.1mm,1,ST25R3918AQW,
Y1,Crystal_SMD_Abracon_ABM8G-4Pin_3.2x2.5mm,1,27.12MHz,
